ticket_id;average_response_time_hours
37;
47;0,084930556
55;
67;
71;8,297222222
72;7,576527778
76;0,793611111
79;12,26888889
80;1,883888889
81;0,819444444
83;5,649027778
84;1,573888889
85;0,984444444
87;4,175833333
88;235,3405
89;0,125277778
93;40,47722222
94;43,08527778
95;38,07
96;24,15775
97;22,53333333
99;0,105277778
100;1,671388889
102;0,040277778
104;16,63916667
106;9,7875
107;9,750092593
108;13,17027778
110;0,697083333
111;1,286666667
112;18,47194444
113;11,91722222
114;3,435694444
115;2,379027778
116;0,429444444
117;2,030277778
118;47,80208333
119;24,87703704
121;52,88222222
122;50,21694444
124;21,76583333
125;2,135555556
126;40,01597222
128;0,836527778
131;0,320138889
132;10,75183333
133;11,326875
134;3,356666667
135;0,123055556
137;5,938888889
138;42,46046296
140;0,633194444
141;21,22277778
142;101,4892593
143;0,786388889
144;262,1175
146;0,959444444
148;0,0775
149;12,44354167
151;76,11814815
152;15,34712963
153;53,33055556
156;1,757777778
158;0,113888889
161;346,19125
162;5,348333333
163;0,938611111
165;7,56625
166;20,76833333
168;48,24953704
170;0,336944444
171;0,358333333
172;12,49305556
173;0,038888889
175;1,219583333
178;0,115277778
179;17,49222222
181;32,90694444
182;44,34259259
183;108,9335185
186;7,419814815
189;3,952685185
190;7,797962963
191;2,418611111
192;201,3978704
193;25,25597222
194;0,5275
195;180,6994444
196;113,1941667
199;17,94546296
203;83,61273148
205;72,81361111
206;5,756851852
207;11,04944444
208;3,096388889
209;3,411111111
213;144,7580556
214;161,5083333
215;67,89590278
218;245,7038889
219;243,6747222
224;1,9175
225;4,806666667
228;0,332685185
231;1,469166667
232;2,458333333
233;1,936944444
236;0,761805556
238;0,133333333
239;0,502777778
242;0,78375
243;
244;0,153611111
245;151,2002778
246;151,1394444
249;144,5911111
250;
251;130,4416667
253;0,385833333
255;148,0908333
256;123,8118056
259;40,25180556
260;66,41798611
261;80,39361111
263;154,8575
264;57,31722222
265;60,55805556
266;35,72097222
268;0,248333333
271;50,34333333
273;1,443472222
274;25,43277778
279;6,703333333
283;14,52666667
286;2,321388889
291;39,1675
293;1,480555556
295;12,76555556
299;0,6525
301;0,319722222
303;11,38402778
309;23,72055556
311;0,4
320;3,447083333
321;0,768611111
323;41,98652778
324;0,5475
327;3,45287037
328;7,759444444
330;0,864861111
335;7,307685185
338;0,865277778
340;3,146111111
341;0,284722222
343;0,871111111
345;119,0972222
346;13,98814815
347;11,12222222
348;29,15861111
350;11,54694444
352;3,581666667
353;4,712083333
354;11,333125
356;44,86605556
359;7,580833333
360;1,103148148
363;35,8212963
364;2,246944444
366;0,595555556
370;56,06777778
373;0,460833333
374;15,91444444
375;44,66907407
382;8,326388889
392;206,6147222
393;2,585
394;1,040277778
398;0,2225
400;8,624111111
401;71,07520833
403;0,623611111
405;1,500555556
407;0,091666667
409;0,0325
413;0,088888889
415;0,403611111
417;0,1075
419;12,83388889
420;137,7633333
421;1,263055556
423;49,80174603
424;9,461111111
425;4,483611111
426;1,227222222
427;10,38231481
428;68,2537963
429;0,322685185
430;5,855277778
431;14,31583333
432;37,17055556
434;167,7686806
435;5,825902778
436;21,40833333
439;18,46666667
440;81,16319444
442;0,113055556
443;40,27222222
445;0,118611111
446;1,296666667
447;67,83013889
448;14,88472222
452;68,49722222
453;0,263333333
454;0,736944444
460;74,69484127
462;21,58027778
463;0,035833333
470;0,650555556
471;16,13694444
473;1,415555556
474;0,832083333
477;4,980333333
478;1,18875
479;0,112777778
481;21,5405
482;0,189222222
484;36,26666667
487;6,968055556
488;0,241666667
489;0,322777778
491;0,503888889
492;0,992685185
494;1,749444444
495;2,864444444
496;1,428055556
497;52,10416667
498;1,696944444
499;123,1647222
501;0,145277778
502;0,101388889
503;92,33625
504;0,751527778
506;0,0475
509;0,360416667
510;0,994444444
512;0,997777778
513;0,168888889
514;48,51532407
516;23,95638889
518;3,390555556
522;6,895
523;2,913055556
524;18,61781401
525;83,58027778
526;10,00680556
527;22,9487037
529;0,892222222
530;17,0875
537;0,3225
538;5,766388889
540;14,9075
541;14,75416667
545;0,4875
546;1,811944444
547;2,013518519
549;16,88381944
550;39,34916667
552;12,93111111
553;9,180555556
554;3,811296296
556;0,656111111
558;0,140277778
561;6,659722222
563;15,59347222
564;24,05982639
568;23,17652778
569;0,557777778
570;17,39944444
572;4,386527778
573;4,9755
574;44,83371528
576;4,252555556
577;17,90333333
578;18,16861111
580;3,666018519
581;0,385555556
583;0,109722222
585;0,212916667
586;2,853611111
587;2,959537037
590;71,64944444
594;49,07438889
595;51,50472222
598;41,61194444
602;31,01833333
623;0,383888889
624;0,196388889
625;0,518333333
629;24,17507937
630;26,59208333
632;3,350555556
634;7,720555556
636;0,539444444
641;13,44944444
645;0,326111111
646;38,6387037
647;13,69055556
648;28,88722222
649;3,616944444
650;0,448333333
651;0,196666667
652;5,485833333
653;6,655972222
654;4,015833333
656;36,99722222
658;11,86354167
661;19,07493056
662;0,813055556
666;0,394166667
669;13,73916667
670;0,454444444
672;0,264722222
674;5,368703704
680;0,525833333
681;0,425555556
683;6,957222222
688;14,88851852
689;0,153148148
690;0,205833333
692;7,002083333
693;0,108611111
695;1,543611111
698;4,044166667
699;3,163055556
701;9,691111111
704;48,12013889
706;0,765138889
707;34,94986111
708;18,01333333
709;7,056018519
710;0,050833333
711;0,256111111
712;0,176666667
714;0,53125
716;10,2375
717;20,88555556
718;44,88962963
720;2,589166667
723;0,280277778
725;0,211388889
726;0,533888889
728;1,350833333
730;44,68236111
732;44,32819444
734;32,04888889
738;13,29694444
739;17,67833333
740;20,97527778
742;15,05666667
744;7,942333333
745;6,219166667
746;0,092777778
748;0,111111111
751;0,207222222
753;3,98
754;6,963611111
756;62,21838889
757;1,338148148
761;6,268888889
762;66,30722222
765;48,32166667
766;19,91972222
767;0,230277778
768;1,263055556
772;15,57805556
774;31,0962037
775;0,483888889
778;9,086111111
781;16,92166667
783;25,595
789;19,45
790;19,31944444
792;0,040277778
794;0,999722222
795;97,75840909
798;0,453333333
800;
801;0,84
802;79,45481481
804;16,89194444
805;0,255555556
807;0,048240741
808;1,546388889
809;15,03972222
810;0,232777778
811;17,22816667
812;0,694861111
813;0,296388889
814;24,73638889
815;28,01805556
816;3,717833333
817;0,341388889
818;0,296111111
819;0,728333333
821;5,835555556
823;1,431888889
824;0,488055556
827;14,565
830;2,419444444
832;3,169722222
833;0,045277778
836;15,19555556
837;30,14018519
838;10,52583333
839;0,436203704
840;63,29444444
841;26,09194444
842;41,90833333
843;73,37166667
846;0,682638889
847;1,142222222
848;1,79375
850;279,2432407
852;25,84986111
854;16,51361111
856;11,16298611
857;5,319444444
858;7,562638889
859;0,1375
860;7,093611111
861;11,39944444
863;5,018888889
864;5,250833333
865;1,733055556
866;49,37731481
867;15,90861111
868;44,66527778
869;0,583888889
871;112,6836111
872;88,76877778
873;103,713125
874;57,68583333
875;55,77944444
876;53,8275
878;292,2801389
879;1,156111111
880;290,1827778
882;99,76269841
883;30,90527778
884;7,079768519
885;21,78555556
886;19,45
887;19,40166667
891;84,6787037
892;2,425583333
895;1,235740741
896;8,968611111
897;11,48555556
898;176,6086111
899;28,95444444
900;18,65972222
901;1,240277778
902;15,32111111
906;4,118055556
907;7,014722222
909;161,0733333
911;158,4355556
912;290,3194444
913;154,2838889
914;5,87712963
916;98,22861111
917;289,5730556
918;136,5219444
920;133,8927778
921;83,80055556
922;112,7119444
923;3,331944444
925;102,9
927;87,4125
928;63,71166667
929;63,64888889
931;45,35416667
932;40,77138889
937;49,59388889
938;22,98388889
940;39,80222222
941;39,59
942;38,81361111
944;9,014259259
946;16,06111111
948;12,49444444
949;48,79298611
950;11,62194444
951;9,348055556
953;65,32166667
956;321,2570833
957;57,09611111
958;364,0259259
959;4,389722222
962;88,38805556
963;3,808611111
966;19,63402778
967;356,4912037
968;16,74944444
970;10,34666667
971;18,25218254
974;142,9935
975;12,88638889
976;5,688888889
978;9,8725
980;17,30861111
981;1,4925
982;341,4913889
983;7,403333333
985;3,466388889
986;20,15305556
987;5,287777778
988;
989;10,93194444
990;6,861309524
991;221,06875
992;37,13736111
993;4,949722222
994;0,024166667
995;195,4187222
996;325,2951852
997;177,0183333
1000;31,7349537
1002;318,579537
1003;2,029722222
1005;0,716944444
1006;77,95430556
1008;1,631111111
1011;0,255277778
1012;6,798055556
1014;22,02222222
1017;11,65814815
1018;35,80638889
1020;303,8324074
1022;15,70305556
1023;34,97361111
1024;6,318333333
1026;4,014861111
1029;26,80186508
1031;12,41398148
1032;19,39
1034;28,99066667
1035;20,19940972
1037;45,70625
1040;0,928333333
1041;0,348888889
1042;36,84944444
1043;69,31277778
1045;22,98122222
1047;29,95805556
1049;73,54138889
1050;288,8092593
1054;214,9711111
1057;39,66013889
1058;10,29638889
1060;80,26541667
1061;8,340833333
1065;0,144722222
1067;13,84583333
1069;191,8873611
1070;
1072;135,5301389
1074;11,44
1075;11,42703704
1076;7,312103175
1077;18,70388889
1078;13,33583333
1081;76,78183333
1084;103,6796528
1088;9,394166667
1092;0,519814815
1095;0,604583333
1100;0,293611111
1101;7,91525
1102;12,72949074
1105;0,066111111
1106;0,586388889
1107;20,03555556
1109;6,723611111
1112;34,25257937
1115;12,93055556
1116;13,4925
1117;5,569277778
1120;22,09041667
1121;0,112777778
1122;6,746909722
1125;0,910277778
1126;372,1023611
1128;2,171666667
1129;0,273333333
1130;0,517037037
1134;13,92875
1135;0,516388889
1136;17,09565972
1138;99,59013889
1142;0,544722222
1144;0,418722222
1146;2,341388889
1149;2,568425926
1151;44,82722222
1152;7,322314815
1154;4,338222222
1155;19,68244444
1156;1,924722222
1157;14,60361111
1158;360,1566667
1159;0,256666667
1161;57,43296296
1162;1,295
1163;1,706944444
1164;12,10833333
1165;0,21375
1166;9,121111111
1168;5,624398148
1169;358,4693056
1170;42,88104167
1171;1,8775
1173;8,085277778
1175;2,1225
1176;0,536388889
1178;2,28
1183;0,375277778
1184;72,89162037
1185;0,177222222
1188;0,318703704
1190;1,08462963
1193;147,5327778
1196;6,66625
1198;2,904166667
1202;78,39013889
1203;80,52840278
1205;10,77361111
1207;22,90925926
1210;7,988333333
1214;2,955277778
1217;0,472777778
1218;1,243518519
1221;2,994166667
1222;
1223;19,69111111
1226;8,365833333
1228;6,703333333
1231;1,489444444
1233;312,4947222
1235;12,12388889
1236;12,64791667
1237;10,96055556
1238;10,69361111
1239;10,61
1242;9,276666667
1244;9,983333333
1245;1,57
1248;0,342916667
1251;2,85
1252;310,8373611
1253;0,507638889
1255;2,685416667
1258;24,2097619
1259;22,74444444
1263;13,73944444
1265;1,179166667
1266;0,761111111
1269;95,38119048
1270;0,453611111
1272;2,848888889
1273;76,69416667
1275;8,361111111
1279;3,907222222
1282;2,146111111
1285;12,7475
1286;2,051388889
1290;15,64611111
1291;11,70319444
1293;0,173333333
1295;296,8341667
1296;10,91666667
1297;7,06787037
1299;0,84
1300;17,34736111
1301;10,23555556
1304;7,541944444
1305;10,7125
1306;8,422013889
1308;5,122638889
1310;8,378055556
1311;294,6820833
1313;14,04159722
1317;3,705
1320;0,371031746
1321;1,269861111
1323;0,233888889
1324;10,76263889
1327;5,086166667
1328;11,51416667
1330;0,987777778
1332;1,275
1333;4,435347222
1335;1,188888889
1336;8,463333333
1337;0,108333333
1341;9,301666667
1342;10,46138889
1347;9,465
1348;6,29
1349;9,070555556
1351;2,111388889
1353;7,053333333
1359;6,184166667
1361;3,688611111
1362;5,707777778
1365;0,495462963
1367;4,503611111
1368;1,059027778
1371;12,0325
1372;1,079444444
1373;0,257777778
1374;1,650555556
1375;9,708611111
1376;3,267685185
1377;9,405555556
1378;0,298333333
1379;1,084444444
1380;0,964444444
1382;5,072777778
1383;5,214722222
1384;20,49802083
1385;18,79833333
1387;2,18787037
1388;15,63138889
1389;249,6290278
1391;0,075833333
1392;7,68475
1394;0,065555556
1396;7,033125
1397;3,730138889
1398;23,66833333
1399;2,135555556
1400;4,99
1402;4,834814815
1403;48,69333333
1404;7,836944444
1405;1,280462963
1406;4,6625
1408;3,026388889
1409;10,86597222
1411;0,327222222
1412;45,60902778
1413;13,75532407
1414;0,168888889
1415;7,541481481
1417;4,412638889
1419;48,47777778
1420;4,310833333
1423;7,543333333
1428;5,801388889
1430;4,533611111
1431;4,177291667
1434;0,669305556
1437;0,855555556
1440;168,9952778
1441;4,866157407
1442;0,435
1443;0,290833333
1444;0,491388889
1447;0,095555556
1450;0,441111111
1451;6,906458333
1454;4,0225
1456;16,91305556
1458;6,471150794
1461;3,763373016
1463;31,33472222
1464;6,654166667
1465;1,419166667
1470;33,23177778
1471;0,765277778
1478;2,546944444
1480;7,89162037
1481;19,41166667
1482;0,490555556
1483;19,48569444
1484;0,147222222
1485;0,04
1487;2,422222222
1488;5,485555556
1490;13,67083333
1491;8,180277778
1492;16,14791667
1493;0,228888889
1495;0,362222222
1496;0,264537037
1497;4,109611111
1498;0,318055556
1499;0,765185185
1500;0,576805556
1502;118,39625
1505;7,575740741
1506;1,443611111
1507;0,198055556
1508;0,331388889
1509;1,436944444
1510;5,265555556
1511;3,064722222
1512;0,291666667
1513;0,993645833
1514;2,056527778
1515;0,043888889
1516;5,385462963
1518;0,940277778
1519;22,66590278
1520;0,276759259
1521;0,491111111
1522;0,700277778
1523;66,26509259
1525;0,241666667
1526;2,192777778
1527;190,5527778
1529;31,63743056
1531;190,1001389
1532;12,53157407
1533;0,146388889
1535;0,975
1536;0,1875
1537;4,636388889
1538;3,898333333
1539;7,7925
1541;3,511944444
1542;2,839722222
1543;2,727222222
1545;28,76951389
1546;20,23162037
1548;0,212430556
1549;507,8471111
1550;3,347916667
1551;7,103555556
1553;12,5425
1555;5,901611111
1556;11,30777778
1557;5,925833333
1562;1,096388889
1563;2,834166667
1567;0,078240741
1568;0,099722222
1569;154,1234722
1571;4,770277778
1574;153,8151389
1576;4,496296296
1577;2,748611111
1578;12,25625
1579;1,824583333
1580;4,310277778
1581;1,876666667
1582;13,07555556
1583;4,324166667
1584;0,814722222
1587;5,319444444
1589;3,508425926
1590;0,220833333
1592;1,289444444
1593;0,32212963
1594;9,229777778
1595;0,66
1596;0,216388889
1598;0,144166667
1600;0,074444444
1601;0,024722222
1603;3,616944444
1605;0,811111111
1608;7,878888889
1611;0,735277778
1612;0,396527778
1615;0,270416667
1616;13,22837302
1617;0,402361111
1618;6,820833333
1620;3,842534722
1621;11,51805556
1622;11,52861111
1623;5,826388889
1624;11,38722222
1626;3,559722222
1627;10,88361111
1629;1,124907407
1630;0,247083333
1632;0,141269841
1634;139,8520833
1635;0,099097222
1636;6,262777778
1637;7,152824074
1638;10,01342593
1640;7,375277778
1641;7,267777778
1642;43,29211111
1644;54,75265873
1645;7,325486111
1646;6,726388889
1648;20,54736111
1649;5,926388889
1650;4,156458333
1651;7,466666667
1652;5,6425
1654;3,627847222
1655;4,868888889
1657;4,119722222
1660;0,556944444
1662;0,095833333
1664;0,235277778
1667;0,338194444
1668;0,155833333
1670;6,986944444
1671;5,627222222
1672;3,820462963
1673;6,575694444
1674;10,89333333
1675;1,645
1677;0,459074074
1679;129,1368056
1680;4,809583333
1681;0,075555556
1683;128,4197222
1684;8,875555556
1685;5,760451389
1687;4,040694444
1688;4,044305556
1689;5,308611111
1690;484,1836111
1692;7,196388889
1693;6,304444444
1695;3,776666667
1696;0,3125
1697;3,292361111
1698;6,0425
1700;5,175555556
1701;6,968518519
1704;13,44444444
1707;10,30865741
1708;1,600740741
1711;1,28875
1713;0,564814815
1714;0,159722222
1716;6,532569444
1717;57,30435185
1718;3,569166667
1719;117,7056944
1720;6,751944444
1721;36,63402778
1722;2,468055556
1725;1,405925926
1727;23,51138889
1729;0,137777778
1730;0,101388889
1731;22,90833333
1732;22,86972222
1733;0,923888889
1735;1,395
1736;7,455185185
1738;9,055277778
1739;0,359722222
1741;0,0525
1742;0,035555556
1743;20,39944444
1744;90,33161111
1745;22,86416667
1747;0,7275
1749;6,223611111
1753;7,939537037
1754;0,403611111
1756;3,001666667
1757;18,68957265
1758;1,607777778
1759;1,563055556
1761;49,91319444
1762;29,1529321
1765;2,491388889
1766;18,388
1767;13,13583333
1769;4,9575
1770;103,8469444
1771;7,068888889
1772;3,378009259
1774;32,26708333
1775;13,79572222
1779;95,07027778
1782;24,43222222
1783;
1786;21,96
1787;33,95847222
1791;54,42324074
1793;5,997777778
1797;47,93138889
1798;1,260555556
1799;6,328680556
1800;2,038611111
1801;1,258888889
1802;1,553888889
1803;1,062777778
1804;1,186666667
1806;12,50305556
1807;0,565138889
1809;0,2625
1810;2,312916667
1811;1,394722222
1813;1,048333333
1815;0,604027778
1816;7,001180556
1817;3,582685185
1818;4,407222222
1819;0,851388889
1821;11,1862037
1822;0,348055556
1824;5,905833333
1826;17,85611111
1828;16,22583333
1829;3,191555556
1831;4,996388889
1832;5,795555556
1833;11,91111111
1836;10,6765
1837;0,246111111
1840;2,859814815
1842;
1843;2,902777778
1845;0,172916667
1846;0,331666667
1848;0,601944444
1851;169,5548611
1860;0,811666667
1862;6,848611111
1868;4,703333333
1869;1,131041667
1871;4,018888889
1872;106,3888889
1874;2,054722222
1875;2,561111111
1881;0,575277778
1882;26,34338889
1883;0,188055556
1885;5,598333333
1886;5,101805556
1889;5,455111111
1891;14,63444444
1895;12,00194444
1896;3,580763889
1898;22,85305556
1899;2,824722222
1901;0,596944444
1902;29,88069444
1903;0,675555556
1904;3,006666667
1906;1,575777778
1910;0,966666667
1911;5,447685185
1913;9,019722222
1959;0,763769841
1960;0,083055556
1962;0,173611111
1963;6,066296296
1967;33,07333333
1971;33,49194444
1972;0,656666667
1978;30,71046296
1980;91,24388889
1982;37,99509259
1984;11,38472222
1985;44,24027778
1989;3,507430556
1991;1,2425
1992;15,85202381
1993;8,528611111
1994;30,51152778
1995;17,37787037
1996;0,588611111
1998;0,038888889
2002;99,53958333
2003;0,329444444
2005;0,270833333
2007;0,056388889
2009;0,126111111
2010;38,48351852
2016;0,133055556
2018;1,215277778
2019;9,905833333
2024;1,539166667
2025;10,42805556
2026;5,258194444
2027;1,265833333
2028;3,351203704
2029;2,992916667
2030;0,026944444
2033;12,69361111
2034;8,144444444
2036;10,21888889
2039;9,498611111
2040;
2041;0,233888889
2042;66,22607639
2043;0,088194444
2045;2,965694444
2046;7,647037037
2048;1,207222222
2050;0,479907407
2051;0,657777778
2053;0,297083333
2054;5,786944444
2055;3,728194444
2056;10,5075
2058;11,53694444
2059;2,257611111
2060;0,445555556
2061;5,615555556
2064;9,714259259
2065;11,74611111
2067;1,514166667
2068;25,07916667
2072;0,392222222
2075;4,104722222
2077;1,781666667
2081;10,42333333
2082;0,117638889
2083;14,70944444
2085;13,60944444
2086;6,507222222
2087;8,564111111
2089;11,88972222
2093;9,79
2096;9,038888889
2100;0,436111111
2101;994,9838889
2103;46,27716667
2104;9,119166667
2105;265,4569444
2106;3,972222222
2107;0,101111111
2109;2,655833333
2110;2,34
2112;1,540833333
2113;1,377222222
2114;0,036666667
2115;0,1425
2118;12,50083333
2120;0,511527778
2123;8,457222222
2124;1,913923611
2127;3,331111111
2129;0,297222222
2131;24,25666667
2132;0,221666667
2134;0,133101852
2136;1,854305556
2138;0,3
2139;0,949722222
2142;27,76046296
2144;1,34962963
2147;0,759444444
2148;0,223888889
2150;9,460555556
2152;249,7615278
2157;0,089722222
2158;1,133888889
2161;5,820972222
2162;1,195833333
2163;2,559444444
2164;48,55888889
2165;5,792222222
2166;3,697777778
2167;3,133055556
2172;6,938611111
2173;0,065833333
2174;9,443611111
2177;12,32194444
2178;8,163888889
2179;11,34125
2180;11,74166667
2181;5,876388889
2182;6,411597222
2185;5,039861111
2186;83,42958333
2187;9,676666667
2188;4,046555556
2190;9,943611111
2191;9,900833333
2195;9,002777778
2196;47,00611111
2197;3,306222222
2198;0,309236111
2199;2,230972222
2201;0,208333333
2203;1,136851852
2208;0,744166667
2209;1,431111111
2210;0,016666667
2211;10,37104167
2214;9,853611111
2215;8,854722222
2217;8,573055556
2218;4,211527778
2221;0,657777778
2225;0,189907407
2226;0,057361111
2228;0,103888889
2229;3,035625
2231;19,47944444
2232;0,303055556
2234;2086,070833
2235;521,4690278
2236;0,295833333
2239;6,851388889
2243;1,62
2245;0,506388889
2248;0,3675
2249;0,893333333
2250;0,131805556
2253;11,77027778
2254;0,845
2255;0,611111111
2256;6,617916667
2259;4,47125
2260;8,799166667
2261;7,966111111
2262;0,273472222
2263;32,20601852
2264;6,603888889
2266;6,474722222
2268;4,106944444
2269;11,58166667
2272;1,413055556
2273;14,38263889
2275;0,288333333
2278;12,10972222
2279;9,635833333
2281;0,103055556
2282;1,077592593
2285;12,87472222
2286;5,717222222
2287;0,2175
2289;1,841111111
2293;3,558819444
2294;1,039513889
2296;4,046746032
2299;37,94055556
2300;7,581111111
2302;20,87916667
2303;7,576111111
2304;2,884722222
2305;6,627777778
2306;2,372916667
2309;3,215277778
2310;2,040912698
2312;1,093611111
2314;7,757407407
2316;0,250277778
2317;3,031666667
2318;3,1775
2320;2,160277778
2322;0,087777778
2323;
2324;3,854444444
2325;1,460555556
2327;0,4325
2329;9,513222222
2332;0,521944444
2334;4,909305556
2335;43,16694444
2336;4,831666667
2339;3,975555556
2340;3,363888889
2342;1,401111111
2344;3,706898148
2345;43,88787037
2348;4,488148148
2350;1,490416667
2357;7,689777778
2358;0,896481481
2360;4,683888889
2361;0,285833333
2365;4,234944444
2366;6,367361111
2368;9,664444444
2373;9,894722222
2374;5,730740741
2375;9,952361111
2376;7,468392857
2377;0,893333333
2380;0,999444444
2381;144,4945139
2384;2,423333333
2385;1,677222222
2386;1,358055556
2388;31,64659722
2389;0,784722222
2390;0,465
2392;1,477638889
2395;12,56611111
2396;
2397;8,498888889
2398;4,223888889
2400;25,37694444
2404;5,902708333
2405;23,065
2408;11,75111111
2411;18,2025
2413;15,92333333
2414;9,642222222
2415;1,006666667
2416;11,61888889
2417;10,14451389
2418;9,930972222
2419;6,572222222
2422;9,726944444
2424;17,81444444
2425;12,10819444
2427;5,685185185
2428;16,35527778
2429;12,23708333
2430;14,68055556
2431;15,29027778
2432;14,21361111
2433;15,0475
2434;14,0025
2435;13,66277778
2438;13,67194444
2439;12,94666667
2440;11,96666667
2443;8,78125
2453;1,936111111
2454;0,835833333
2455;0,330833333
2459;0,482407407
2460;1,459305556
2461;4,051527778
2462;3,662083333
2464;1,6325
2466;2,178333333
2467;18,39888889
2468;0,489166667
2470;16,98194444
2472;4,823333333
2473;1,015277778
2474;4,977592593
2477;0,216666667
2479;2,020740741
2480;0,643888889
2482;1,868055556
2483;0,485972222
2484;0,965277778
2485;0,876944444
2486;0,844166667
2487;0,471944444
2488;0,320277778
2491;0,731666667
2492;0,090277778
2494;1,520555556
2496;53,11670635
2497;7,853796296
2498;18,41388889
2500;9,0725
2501;0,295555556
2503;8,623333333
2504;0,196111111
2506;3,820833333
2509;1,288333333
2510;0,631111111
2514;0,534375
2517;6,311203704
2518;24,68217172
2521;6,044074074
2522;346,1966111
2524;0,033333333
2525;2,419722222
2528;0,357777778
2529;0,796111111
2530;0,595277778
2532;0,254166667
2534;4,161527778
2536;9,891111111
2537;9,686666667
2538;7,184722222
2539;9,0925
2542;5,074027778
2544;4,590277778
2545;0,262222222
2547;48,76920635
2549;6,272083333
2552;17,00638889
2555;30,03657407
2557;12,43555556
2558;6,946666667
2559;0,294722222
2561;7,962083333
2562;6,693518519
2564;12,67148148
2565;8,574444444
2569;4,052916667
2571;15,89722222
2572;5,836041667
2574;3,919444444
2575;44,93273148
2577;3,361666667
2579;22,32222222
2580;1,309166667
2584;3,889666667
2585;18,01333333
2586;6,804305556
2588;16,7375
2591;14,66805556
2592;9,710555556
2594;7,181666667
2595;0,195833333
2597;0,108055556
2599;0,206944444
2600;0,029722222
2603;0,545555556
2604;1,3225
2606;0,407777778
2607;0,346388889
2609;0,046111111
2611;12,79194444
2612;0,020833333
2614;2,332444444
2616;3,824801587
2618;0,22375
2619;0,420833333
2621;0,545138889
2625;5,21
2626;5,488796296
2629;0,960138889
2630;1,53037037
2632;5,53875
2636;0,853055556
2638;8,418055556
2640;5,577685185
2643;0,344305556
2644;0,552222222
2647;5,363888889
2648;0,056666667
2651;3,135277778
2652;22,80759259
2653;1,003055556
2655;65,59944444
2657;24,13916667
2659;5,650648148
2661;0,036666667
2663;0,108472222
2664;0,363125
2666;12,79607639
2669;39,81166667
2671;46,30680556
2673;0,945833333
2674;36,73722222
2677;34,09388889
2678;34,05305556
2681;32,08277778
2683;18,6175
2684;7,465555556
2685;17,21166667
2686;9,047611111
2687;11,545
2693;7,793333333
2695;1,371388889
2697;0,579444444
2699;0,078585859
2700;0,139097222
2702;8,79162037
2704;2,121574074
2706;21,37333333
2707;2,731944444
2708;0,900555556
2709;0,516666667
2711;18,5725
2714;18,1475
2716;18,00972222
2717;17,86638889
2718;5,423703704
2722;4,942222222
2723;0,494444444
2725;0,140740741
2728;29,42305556
2730;11,87333333
2731;11,56125
2734;0,521111111
2735;0,428888889
2736;3,669
2737;11,5912037
2740;4,103333333
2741;13,41
2749;0,105833333
2754;22,61305556
2756;1,897222222
2758;5,283194444
2760;0,108611111
2761;7,84037037
2763;0,206944444
2768;0,334444444
2769;2,3925
2771;0,704814815
2772;0,430833333
2775;9,450972222
2776;11,68555556
2779;4,344097222
2780;8,918333333
2784;2,953055556
2785;0,3
2787;391,9048611
2789;13,85972222
2790;4,551111111
2791;0,634166667
2793;0,808796296
2797;0,420833333
2801;5,610277778
2804;0,9225
2806;0,088611111
2808;19,01409722
2810;112,9726111
2812;32,51203704
2813;11,43729167
2814;9,638055556
2816;9,344444444
2817;8,268055556
2819;4,8
2820;4,569930556
2823;25,32555556
2824;18,69796296
2825;9,368611111
2826;6,948333333
2830;0,466388889
2831;0,315833333
2833;6,956759259
2834;9,226666667
2836;8,935833333
2837;8,265611111
2838;0,297777778
2840;8,209444444
2841;15,00916667
2842;6,441018519
2843;14,52916667
2845;0,261805556
2850;
2856;
2857;
2859;
2860;
2861;
2863;
2864;
2866;
2867;
2868;
2869;
2872;
2875;
2876;
2877;
2881;0,491944444
2890;0,156666667
2892;0,9125
2900;8,124814815
2903;15,55416667
2904;14,85138889
2905;315,9754167
2909;2,893703704
2910;0,351666667
2914;4,477962963
2916;2,820277778
2919;305,4234722
2920;4,399305556
2924;8,0425
2926;4,850555556
2928;144,2229012
2929;13,55142857
2930;6,353333333
2931;4,070555556
2933;0,966833333
2934;1,016388889
2936;124,2176515
2937;1,097222222
2938;0,307444444
2940;9,020555556
2941;5,584351852
2942;80,20388889
2944;7,855333333
2948;10,36027778
2950;1,663055556
2952;5,296666667
2957;2,969444444
2962;12,11888889
2963;14,01583333
2964;1690,867037
2965;16,36666667
2970;4,748833333
2971;7,322222222
2974;0,26337963
2975;0,181777778
2976;0,165972222
2979;7,151388889
2982;1,164444444
2985;13,56333333
2986;0,493333333
2989;232,095
2990;62,96435185
2991;224,3731944
2993;0,058611111
2995;29,89236111
2996;1,317777778
2997;215,5172222
2999;4,461527778
3002;0,173472222
3003;39,15805556
3005;1,39
3010;13,45583333
3011;34,47444444
3012;7,032361111
3014;188,2597222
3016;0,015277778
3019;9,717222222
3020;7,377222222
3021;9,014444444
3024;8,282777778
3026;3,133055556
3027;2,750833333
3030;5,893888889
3032;174,2683333
3035;2,147222222
3036;3,667777778
3038;4,739166667
3040;0,280555556
3041;5,116944444
3042;0,248611111
3044;5,116111111
3045;2,206805556
3047;1,556944444
3048;1,380972222
3049;14,35037037
3050;0,159722222
3051;2,598055556
3055;5,584722222
3057;140,2043056
3059;139,1240278
3063;0,273333333
3064;12,67694444
3066;12,00722222
3070;10,65222222
3071;7,380833333
3073;0,509305556
3074;147,7651852
3076;0,014166667
3078;0,671111111
3079;0,259444444
3080;0,221944444
3082;0,05
3086;0,096944444
3087;95,77763889
3088;0,937685185
3090;370,0945833
3092;191,6724306
3093;6,716527778
3094;1,972916667
3096;0,375138889
3102;2,680833333
3103;23,37416667
3112;
3113;
3114;
3115;
3116;
3117;
3119;
3120;70,18305556
3121;70,1475
3122;
3123;
3124;
3125;
3127;
3128;
3129;
3132;
3133;
3136;
3137;
3138;
3140;
3141;
3142;333,0377778
3143;166,1130556
3145;220,500463
3146;0,443055556
3147;5,855
3149;8,311111111
3150;4,141666667
3153;298,6318056
3154;295,3386111
3156;7,789166667
3158;5,340092593
3159;88,26069444
3161;286,2063889
3162;8,018611111
3163;36,88527778
3165;7,330277778
3168;7,459722222
3169;279,5054167
3172;7,375
3173;2,358055556
3175;5,793611111
3176;0,246111111
3178;4,311944444
3180;1,4725
3181;32,67461111
3183;13,40666667
3184;12,91398148
3187;46,47453704
3188;22,55986111
3189;12,92
3191;191,3241667
3196;0,816944444
3198;223,3581481
3199;49,5475
3201;5,062222222
3202;73,71694444
3203;176,42
3205;13,08961111
3206;175,4334722
3208;0,853611111
3209;7,918333333
3212;7,922638889
3216;1,516481481
3217;0,173055556
3218;0,635555556
3219;8,256296296
3220;33,10027778
3221;136,6692361
3222;0,678333333
3223;4,375583333
3225;12,09222222
3226;102,7715741
3228;270,2654167
3233;0,826666667
3242;13,71805556
3243;18,48194444
3245;225,3115278
3246;16,99138889
3249;2,573888889
3250;0,728055556
3251;0,491944444
3254;1,131805556
3257;13,84814815
3265;1,796388889
3266;189,1388889
3269;10,05638889
3270;0,947777778
3275;0,031944444
3277;2,264166667
3278;3,423518519
3280;0,920833333
3282;9,125
3284;14,60277778
3286;43,34009259
3290;3,987916667
3291;0,046388889
3292;3,612361111
3294;0,723333333
3295;3,734351852
3297;5,940833333
3299;0,392777778
3300;366,9201389
3302;3,007888889
3304;1,104166667
3306;364,8291667
3313;9,815555556
3314;4,346736111
3315;7,278055556
3316;4,319814815
3318;1,419444444
3321;1,9575
3322;2,469861111
3324;1,734444444
3327;227,3076852
3328;5,661481481
3330;6,391111111
3332;0,490138889
3334;0,508518519
3335;1,265
3337;0,324444444
3340;0,781666667
3341;0,806203704
3343;40,36333333
3344;0,223888889
3345;24,93361111
3346;318,9897222
3348;94,94
3350;34,80805556
3352;10,89305556
3353;13,28416667
3355;302,2255556
3360;17,18423611
3361;290,1969444
3362;288,8684722
3363;8,150555556
3366;1,9325
3367;21,76
3369;0,262777778
3371;2,081388889
3373;9,930555556
3374;2,035833333
3376;266,2573611
3378;5,511527778
3379;256,3465278
3382;11,88208333
3383;166,2612963
3384;245,8793056
3385;11,6025
3388;15,35044444
3389;13,43489899
3392;71,675
3393;207,72375
3396;0,532777778
3397;194,8983333
3398;11,55833333
3402;0,046666667
3404;8,748888889
3406;8,238055556
3410;2,3675
3411;66,71791667
3413;116,6555556
3415;17,46694444
3417;17,14555556
3419;10,73083333
3420;1,283611111
3425;116,7811667
3427;1,831111111
3428;1,703055556
3429;77,9325
3430;65,63145833
3433;18,39833333
3434;271,3419444
3435;13,82416667
3438;165,4469444
3440;8,789722222
3441;4,5225
3442;6,098888889
3444;
3445;0,386666667
3446;0,087222222
3448;118,4254861
3449;3,782222222
3450;0,3075
3452;7,650833333
3453;0,6475
3455;65,66055556
3456;27,00742063
3457;6,075
3458;5,795
3459;5,65212963
3460;41,32240741
3461;198,4738889
3463;118,8341667
3465;164,1359722
3468;8,476759259
3470;197,1308333
3471;196,9780556
3472;7,335555556
3473;20,56194444
3474;1,116388889
3475;0,078055556
3477;11,22916667
3479;60,84097222
3481;5,514166667
3482;2,431805556
3486;25,28377778
3489;1,084861111
3490;55,97282407
3493;158,3058333
3495;15,11972222
3497;102,0491667
3502;13,59194444
3503;320,4240278
3506;7,207986111
3508;13,29722222
3509;4,513819444
3510;26,08601852
3516;5,555555556
3517;107,4815278
3518;30,05930556
3519;0,509444444
3520;299,505
3521;0,333888889
3522;0,496597222
3523;1,060555556
3524;0,916111111
3526;0,5625
3527;0,255416667
3530;13,28277778
3531;4,606450617
3532;10,71222222
3533;8,813111111
3535;294,1006944
3536;11,8712037
3537;146,4650694
3538;8,214444444
3540;288,1623611
3541;23,81777778
3542;5,886666667
3543;7,67962963
3546;7,393796296
3548;26,76222222
3550;285,325
3551;22,76152778
3552;4,441180556
3553;21,54703704
3554;51,63685185
3555;11,08518519
3556;0,638425926
3558;9,690833333
3559;0,681944444
3562;7,805277778
3565;0,758888889
3566;0,457222222
3567;274,8047222
3568;0,438333333
3570;0,133611111
3571;0,193055556
3572;0,114166667
3573;0,128796296
3575;1,094722222
3580;5,218506944
3581;35,6812963
3584;5,129166667
3585;40,04777778
3586;54,61564815
3589;2,624259259
3590;
3591;4,379444444
3594;43,67166667
3596;7,617420635
3598;8,174722222
3599;23,46027778
3601;7,57537037
3603;262,8561111
3605;1,321944444
3607;261,8248611
3608;36,586875
3609;5,102037037
3610;
3611;14,75305556
3612;14,37777778
3614;260,0798611
3616;9,587222222
3617;8,673611111
3618;1,339814815
3621;11,89458333
3626;5,133611111
3628;3,983333333
3629;2,713888889
3630;1,002777778
3631;31,1575
3632;0,24712963
3635;26,16398148
3636;25,61546296
3640;0,083888889
3641;0,963148148
3643;7,778277778
3644;5,105185185
3647;4,511944444
3649;158,7284259
3651;10,88861111
3652;16,569375
3653;10,68138889
3654;6,503055556
3656;236,0684722
3657;0,058611111
3660;0,878055556
3662;0,364166667
3663;0,0675
3664;1,399722222
3665;227,4865278
3666;0,220555556
3667;0,033611111
3669;0,946203704
3671;2,591388889
3672;1,239236111
3673;0,857361111
3675;4,419907407
3691;225,0056944
3692;224,7643056
3693;10,01666667
3694;9,749166667
3695;10,42194444
3697;116,0973611
3699;10,88907407
3700;17,74722222
3701;5,204652778
3704;216,6804167
3706;0,102222222
3707;0,101944444
3708;6,242638889
3709;107,7311111
3711;143,5928704
3712;17,58861111
3714;215,2998611
3716;1,691944444
3718;7,495277778
3722;6,173611111
3723;5,723055556
3724;1,394097222
3726;213,54
3727;213,3419444
3728;3,089166667
3731;212,7483333
3732;11,39083333
3735;3,174259259
3737;
3738;5,480763889
3739;0,608541667
3740;8,291388889
3741;204,0619444
3744;0,363333333
3747;1,943472222
3748;5,018611111
3749;2,720555556
3753;21,55990741
3754;5,121111111
3755;5,004166667
3756;3,4075
3758;197,5497222
3761;0,994814815
3763;0,510277778
3764;0,034444444
3765;5,251944444
3766;4,746111111
3767;1,892361111
3768;1,0225
3769;170,6275
3771;0,415625
3773;0,215
3774;0,329814815
3776;5,3025
3777;6,336111111
3778;186,8509722
3779;4,210277778
3782;185,0123611
3783;2,180555556
3784;1,212407407
3786;0,761458333
3787;0,503240741
3788;1,118055556
3790;28,64291667
3791;216,2766667
3792;5,741759259
3795;3,51
3797;5,177592593
3799;6,19297619
3800;412,9981944
3801;6,968518519
3802;11,23138889
3803;10,96388889
3805;6,279166667
3806;107,6019444
3807;161,1655556
3808;8,380555556
3811;12,99458333
3813;10,62229167
3814;152,6784722
3816;5,050277778
3818;0,900277778
3821;189,1054167
3822;13,44509259
3824;188,8738889
3825;11,71777778
3826;0,875833333
3827;0,736666667
3828;177,9316667
3832;168,4758333
3833;41,87722222
3834;0,104351852
3835;8,325277778
3837;98,56083333
3838;109,804537
3840;163,1829167
3843;13,9175
3846;153,3893056
3847;190,772
3848;84,97972222
3849;20,58888889
3853;16,74555556
3854;2,753611111
3856;3,625833333
3857;1,510555556
3858;131,0581944
3860;2,749444444
3862;462,3855556
3864;1,344444444
3865;128,4429167
3866;15,69226852
3868;13,25805556
3869;10,57638889
3870;3,054398148
3873;95,00472222
3875;38,66569444
3876;4,501805556
3879;3,673611111
3880;3,570277778
3882;425,1756944
3883;425,1205556
3884;424,6069444
3887;41,70597222
3890;2,385740741
3891;0,688611111
3892;0,645555556
3894;1,097592593
3895;268,9310185
3896;0,280555556
3897;0,128888889
3898;0,941481481
3901;54,48537037
3902;7,612777778
3906;415,1236111
3910;3,70125
3911;2,550555556
3912;0,134444444
3913;8,963055556
3914;401,5102778
3917;0,361666667
3918;0,198333333
3919;0,284166667
3920;0,521111111
3922;392,46375
3931;32,75268519
3933;7,254388889
3935;22,2187037
3936;41,76984568
3938;12,73472222
3939;12,41694444
3940;5,050833333
3941;4,852222222
3943;11,24513889
3944;14,41601852
3946;356,1779167
3947;6,6875
3949;12,39666667
3950;347,2308333
3952;39,84840278
3953;9,006666667
3954;37,30738889
3955;5,259305556
3957;8,788888889
3958;22,49833333
3963;0,157222222
3965;1,109722222
3966;0,168194444
3967;5,869166667
3969;32,8474537
3970;15,88930556
3971;322,7642361
3972;8,196759259
3975;24,27194444
3976;19,3125
3977;405,2084259
3980;
3981;20,03111111
3983;4,988611111
3984;1,226944444
3985;0,233055556
4067;5,012222222
4069;15,2175
4070;0,370833333
4071;0,424583333
4072;26,78638889
4073;9,996333333
4075;5,386111111
4077;10,75388889
4079;574,73125
4080;0,900277778
4081;20,43194444
4084;4,51452381
4085;569,8209722
4087;12,23416667
4088;568,9384722
4090;2,624444444
4091;0,043333333
4092;0,052777778
4093;0,919777778
4094;0,449444444
4095;0,133611111
4096;2,708055556
4099;4,564236111
4100;4,378333333
4102;45,00486111
4104;550,0879167
4106;14,25533333
4108;0,314166667
4109;166,6009722
4110;547,3001389
4111;10,56972222
4113;535,9925
4114;33,52924603
4116;16,40157407
4117;221,6698333
4118;3,0775
4120;2,141944444
4121;1,118518519
4123;0,536111111
4124;2,248888889
4125;0,895
4126;1,034444444
4129;2,300138889
4131;2,119722222
4132;493,8022222
4133;11,30319444
4134;4,81875
4136;1,467916667
4137;0,535972222
4139;8,505277778
4140;13,28825
4141;482,2545833
4144;22,2975
4145;477,4548611
4146;59,65888889
4147;21,27861111
4149;88,39064815
4150;475,4076389
4151;7,217222222
4152;27,95861111
4154;1,139444444
4155;0,333333333
4156;23,67333333
4157;25,17222222
4158;41,58819444
4160;307,6008333
4162;5,370555556
4163;3,814722222
4167;0,131041667
4168;452,4106944
4169;30,99
4170;33,21125
4172;7,913796296
4173;19,12361111
4174;4,395925926
4176;3,575555556
4177;9,186111111
4178;139,5842222
4180;13,94009259
4181;10,81548611
4183;4,637777778
4184;7,639722222
4185;0,750555556
4187;41,00493056
4188;35,395
4189;19,15305556
4190;18,18777778
4191;17,55777778
4193;9,417083333
4196;30,29472222
4197;
4198;10,80555556
4199;12,52916667
4200;206,009537
4202;8,470555556
4203;377,7716667
4205;1,178888889
4206;21,12092593
4207;21,03673611
4208;367,4326389
4211;9,1775
4212;
4213;37,90222222
4214;34,59916667
4216;354,9643056
4218;6,843888889
4219;340,2347222
4223;0,477777778
4224;11,32972222
4225;10,70833333
4228;0,315833333
4229;35,98541667
4233;18,03236111
4234;9,975347222
4237;2,288055556
4238;53,07194444
4239;9,1035
4240;0,716666667
4241;8,619166667
4249;299,5873611
4250;1,996111111
4251;1,341388889
4253;6,926759259
4254;59,38423611
4257;2,825555556
4258;286,6073611
4259;5,161666667
4260;285,9481944
4261;2,459444444
4262;114,1900556
4264;6,724861111
4265;13,31588889
4266;0,73375
4268;37,93833333
4271;9,658611111
4273;18,20972222
4275;18,25916667
4276;17,66277778
4277;14,96
4280;9,335
4281;8,177222222
4282;
4285;13,4087963
4286;2,094722222
4287;24,51155556
4289;2,168888889
4290;39,73824074
4293;211,5345833
4296;9,935555556
4297;9,275555556
4301;3,0125
4302;0,632777778
4304;3,75
4305;13,92027778
4306;201,2695833
4307;11,88944444
4308;0,529722222
4310;128,9388889
4312;37,50242063
4313;7,070833333
4315;6,0325
4317;58,600625
4319;162,6595833
4320;
4321;49,00180556
4322;6,868333333
4326;104,6243056
4327;12,92
4329;13,19027778
4330;12,65423611
4331;14,10462963
4334;7,430625
4335;18,43291667
4336;4,448888889
4337;293,6243056
4338;2,552916667
4340;31,26092593
4341;0,885416667
4342;0,873055556
4343;2,170833333
4344;0,811805556
4345;0,614166667
4346;0,389814815
4347;0,256759259
4348;0,237314815
4350;5,520902778
4351;21,30305556
4352;8,57625
4353;7,7325
4354;2,918472222
4356;86,95486111
4357;2,925277778
4358;4,347777778
4360;20,54527778
4362;178,7270833
4363;0,088888889
4364;1,862986111
4365;269,8638889
4366;39,93861111
4367;3,838333333
4368;39,03138889
4369;2,154388889
4370;0,701944444
4372;1,300277778
4373;0,319166667
4374;0,098888889
4375;0,048055556
4376;0,225277778
4377;0,855208333
4378;0,827638889
4380;163,2959722
4381;10,79166667
4383;4,774666667
4385;153,5330556
4387;27,91944444
4389;33,32069444
4392;219,0694444
4393;0,3975
4394;248,9223611
4396;1,436944444
4398;5,546944444
4399;5,222222222
4400;3,089537037
4405;5,495555556
4406;16,69111111
4407;565,0841667
4408;0,065
4409;3,877083333
4412;0,624027778
4413;23,73171296
4414;11,39722222
4415;272,2376389
4416;6,942777778
4418;11,485
4420;270,9608333
4421;2,771481481
4422;7,612777778
4423;0,761388889
4424;0,422777778
4426;3,166944444
4429;0,1125
4430;0,466666667
4433;12,78361111
4434;41,67009259
4435;0,723333333
4436;250,0708333
4437;12,22611111
4438;1,405277778
4440;233,8306944
4441;9,820277778
4443;230,32875
4444;222,8584722
4445;5,9725
4446;2,660972222
4447;214,0081944
4448;142,3651852
4449;3,216944444
4452;2,434722222
4453;1,420208333
4455;5,483240741
4456;0,4725
4458;0,847222222
4459;6,712638889
4460;7,646319444
4463;0,070138889
4464;0,19375
4465;0,703333333
4466;17,78680556
4467;386,4520833
4468;24,11532407
4471;197,68125
4472;12,21027778
4474;3,358611111
4475;372,9130556
4477;5,443240741
4481;32,96935185
4483;5,913611111
4485;335,7241667
4486;1,293888889
4487;1,850277778
4488;0,94
4490;326,32
4492;318,3918056
4494;7,194722222
4496;22,33986111
4497;1,337152778
4499;10,12648148
4502;8,153055556
4503;3,098333333
4507;10,47916667
4508;280,7158333
4509;96,94
4510;0,818888889
4511;0,906666667
4513;417,4356944
4514;9,231875
4515;22,94541667
4516;206,9674306
4517;4,421944444
4519;23,81280864
4522;1,706111111
4523;0,296388889
4524;6,134930556
4528;0,693333333
4530;30,24866667
4531;0,825694444
4533;362,8630556
4534;357,6429167
4535;19,99284722
4537;0,183333333
4538;28,52173611
4539;7,430277778
4540;13,06277778
4541;12,90916667
4542;1,192777778
4543;3,926388889
4544;18,64616667
4545;342,4344444
4546;13,29986111
4547;
4548;11,41597222
4549;20,52805556
4550;6,264074074
4551;0,305
4553;10,37805556
4554;14,07972222
4555;2,363194444
4557;38,38763889
4560;7,986111111
4561;9,404888889
4562;6,215833333
4563;5,041875
4564;3,642777778
4567;0,0375
4571;4,964166667
4572;1,513055556
4574;6,311666667
4576;281,6905556
4577;8,69287037
4578;280,5044444
4579;14,35555556
4580;5,942152778
4582;271,0277778
4583;12,69263889
4585;4,481833333
4586;0,510092593
4587;0,658055556
4589;23,93381944
4590;0,066111111
4591;20,46072222
4592;5,122777778
4593;3,3
4594;0,243888889
4595;3,463611111
4596;1,74
4597;39,73625
4598;8,676944444
4603;17,783125
4604;7,945902778
4605;234,9013889
4606;231,5908333
4607;224,5090278
4608;2,546944444
4609;5,625833333
4610;60,21611111
4612;2,586666667
4613;0,2675
4615;0,071666667
4616;15,94222222
4617;2,224722222
4618;34,52172222
4619;0,767222222
4622;11,563
4623;3,233611111
4624;1,966666667
4627;3,764166667
4628;3,054722222
4629;98,22923611
4630;17,76333333
4631;5,860833333
4632;3,410277778
4633;3,161111111
4634;1,619722222
4636;7,091805556
4638;12,4362963
4640;0,1325
4643;0,658333333
4645;1,916666667
4648;0,78125
4650;4,281388889
4651;4,129722222
4653;163,9279167
4654;163,7222222
4655;1,658333333
4657;0,922222222
4659;161,7140278
4660;117,4714286
4662;153,0445833
4663;3,7425
4666;40,21625
4668;4,956111111
4669;116,0431944
4671;115,0944444
4672;1,201666667
4673;0,666111111
4675;8,384
4677;15,93944444
4678;5,222916667
4680;10,255
4682;1,505
4684;1,080833333
4686;4,579444444
4687;0,269513889
4688;86,08978395
4690;0,059444444
4693;92,50833333
4694;1,985277778
4695;0,529166667
4696;8,269444444
4697;7,370416667
4699;6,401388889
4700;2,333611111
4702;10,38603175
4703;0,287777778
4704;0,362777778
4706;70,99055556
4707;0,483611111
4709;9,526944444
4710;155,3106944
4711;53,63138889
4712;11,28083333
4715;0,216805556
4716;0,094166667
4717;0,025277778
4718;2,983333333
4721;2,669583333
4723;5,102222222
4725;2,691790123
4726;16,52915205
4727;0,490555556
4730;2,069166667
4731;1,213055556
4733;38,49138889
4736;211,6001389
4737;208,8370833
4744;201,7172222
4748;2,262222222
4749;2,581388889
4750;1,446388889
4752;356,3690741
4755;2,314166667
4759;5,834166667
4760;0,356597222
4761;0,879444444
4764;1,087361111
4765;0,2875
4766;206,971713
4767;3,229166667
4769;31,57444444
4770;0,057222222
4771;4,198888889
4774;5,732361111
4775;241,9438194
4778;0,654027778
4779;476,1336111
4780;0,615462963
4783;10,13083333
4785;0,4625
4786;0,210833333
4790;7,030694444
4792;0,079259259
4793;0,07
4795;1,234444444
4796;583,8768333
4798;69,09861111
4801;4,506388889
4802;424,2573611
4803;5,526111111
4804;103,2556624
4806;7,688194444
4807;1,883333333
4808;0,841388889
4811;0,858055556
4812;14,52944444
4813;27,97819444
4815;0,8875
4816;13,05277778
4820;0,053333333
4822;387,2377778
4825;0,143055556
4828;60,66583333
4833;377,1608333
4834;376,7768056
4835;7,945833333
4836;13,07666667
4839;235,7789583
4840;20,28138889
4842;6,129722222
4843;7,567592593
4844;8,060694444
4845;348,0286111
4846;4,816944444
4847;3,705092593
4849;1,033888889
4852;36,36944444
4853;17,80763889
4854;33,77722222
4855;6,33962963
4856;3,821944444
4858;18,69144444
4859;1,070277778
4862;6,186944444
4863;2,036111111
4864;2,012777778
4866;12,79027778
4867;412,1480556
4869;
4871;130,7148611
4873;34,97083333
4874;379,9448611
4875;4,442708333
4877;0,423055556
4878;11,82458333
4882;8,469722222
4883;0,482777778
4891;3,476111111
4892;22,11
4893;16,36222222
4894;13,01305556
4897;6,73
4898;3,1175
4901;0,550462963
4902;3,770833333
4903;42,26617521
4904;203,5405556
4906;73,29694444
4908;6,286111111
4909;78,09892857
4910;1,293333333
4911;5,700902778
4914;7,638240741
4916;7,443240741
4919;245,4555556
4921;0,890555556
4922;9,756111111
4929;42,83296296
4930;0,339722222
4934;2,3325
4936;2,883888889
4939;15,32888889
4941;10,29
4942;2,213055556
4943;2,030277778
4945;7,768611111
4947;1,813055556
4948;6,208333333
4951;185,7434722
4952;1,376666667
4953;1,207777778
4955;184,6018056
4956;0,145277778
4959;7,547777778
4962;
4964;4,530555556
4965;277,4975
4966;2,442777778
4968;2,395277778
4971;0,2325
4972;0,125555556
4973;35,63694444
4975;0,496388889
4977;5,300185185
4980;278,9022222
4981;253,7477778
4985;2,700138889
4986;2,979375
4987;0,063333333
4988;136,05875
4990;17,39215278
4992;24,07516667
4993;4,362222222
4994;0,306944444
4996;7,738333333
4997;17,43361111
4998;23,9362963
5000;12,14909722
5002;1,666388889
5003;1,540833333
5004;3,147962963
5005;326,5652778
5007;19,19722222
5009;0,519444444
5014;183,8322222
5016;3,209444444
5020;1,700555556
5029;0,464722222
5032;1,157361111
5037;7,521018519
5039;271,7818056
5048;5,122222222
5049;3,124444444
5051;24,35869792
5052;3,252083333
5056;0,043055556
5058;259,3169444
5059;2,018055556
5061;13,61088889
5063;14,71981481
5064;6,725972222
5068;7,036296296
5069;2,279861111
5070;99,82061111
5071;5,145555556
5076;1,173333333
5087;1,936666667
5090;0,401759259
5093;2,911666667
5101;10,93027778
5102;8,934722222
5108;7,765
5115;0,105555556
5117;
5120;0,516333333
5126;2,576157407
5128;1,3975
5131;1,023888889
5133;13,42861111
5135;0,519722222
5137;10,575
5139;10,23472222
5141;9,620277778
5144;7,760555556
5150;1,779166667
5151;0,037777778
5152;0,038888889
5156;2,983833333
5162;
5163;38,29972222
5164;33,33194444
5165;0,549222222
5172;9,692380952
5173;7,808333333
5174;0,255
5183;244,7189583
5192;184,54125
5196;183,1070833
5200;6,8875
5207;1,32875
5208;2,723333333
5214;3,066944444
5219;6,858518519
5226;170,5131944
5231;3,550634921
5233;0,089722222
5235;0,3225
5236;1,201666667
5238;108,8077778
5239;0,372777778
5240;0,198333333
5244;1,264444444
5247;11,59743056
5250;5,65625
5253;2,304007937
5256;449,3266667
5257;5,069583333
5259;1,796944444
5263;0,576111111
5274;0,791111111
5277;16,01861111
5285;1,219583333
5289;0,143333333
5291;2,965092593
5294;1,940555556
5296;0,101666667
5301;2,258888889
5303;1,961944444
5307;0,079444444
5309;1,640555556
5329;2,867166667
5331;2,810793651
5334;3,509444444
5336;44,72305556
5344;404,1391667
5347;0,170555556
5356;0,120555556
5365;380,1980556
5368;0,914722222
5371;12,46138889
5377;9,974444444
5382;8,423888889
5385;3,601180556
5386;372,2948611
5390;14,05555556
5393;0,224166667
5395;0,076388889
5397;0,927638889
5398;39,15209877
5401;0,538981481
5405;1,259722222
5408;0,029444444
5410;6,731388889
5413;
5414;1,464166667
5416;8,780694444
5418;15,95027778
5419;0,330277778
5422;6,255277778
5425;3,557407407
5428;0,173611111
5434;26,14208333
5436;0,657407407
5437;0,752361111
5444;4,849333333
5450;2,261136364
5453;355,5690278
5458;355,2147222
5460;1,390198413
5465;2,213472222
5466;18,05490741
5469;4,083888889
5470;1,559305556
5471;3,333333333
5472;0,499166667
5476;230,9462963
5481;346,0484722
5483;0,221111111
5487;2,149166667
5490;13,45527778
5491;2,945
5492;11,01833333
5494;13,32222222
5497;4,316222222
5498;0,978888889
5502;0,113333333
5503;0,115
5511;2,719583333
5517;0,691076389
5522;0,487777778
5526;174,6029167
5527;333,7913889
5528;1,122777778
5529;1,118611111
5531;0,890486111
5534;1,224166667
5535;1,051111111
5536;0,746388889
5541;8,248611111
5549;1,333425926
5555;319,8716667
5557;5,871851852
5560;6,361111111
5562;0,673194444
5566;7,230462963
5571;3,033333333
5575;0,943055556
5576;0,992777778
5578;1,421666667
5580;0,19
5582;0,565694444
5583;0,517160494
5584;0,218888889
5586;0,219166667
5587;0,106944444
5589;0,075833333
5593;12,96930556
5597;0,396388889
5598;0,104166667
5602;8,922916667
5603;3,52845679
5605;117,9082778
5606;9,708611111
5607;30,17138889
5610;8,251111111
5617;3,918680556
5618;6,953055556
5625;11,58111111
5628;0,067962963
5631;0,038888889
5632;1,4175
5635;0,354444444
5637;10,26111111
5638;5,006759259
5640;0,953333333
5641;4,427166667
5643;0,485277778
5645;0,872222222
5646;283,5130556
5647;4,495486111
5650;0,454722222
5651;0,451666667
5653;10,36
5654;0,133888889
5659;5,190555556
5661;8,168055556
5666;1,284444444
5671;0,34
5674;12,86736111
5676;17,94611111
5678;5,717569444
5680;0,789722222
5684;0,616388889
5687;5,775902778
5689;
5691;12,0475
5692;11,94944444
5693;60,49882716
5694;11,57388889
5696;271,9993056
5698;4,763680556
5700;2,096111111
5702;5,767962963
5704;8,631111111
5705;270,87875
5706;270,5825
5708;7,3025
5711;4,406574074
5712;269,1177778
5721;0,848888889
5727;0,175694444
5730;0,870277778
5735;16,52375
5739;0,187222222
5740;0,448888889
5743;0,09
5744;86,5599537
5747;5,3345
5749;259,2073611
5750;14,36305556
5753;13,56166667
5762;257,3180556
5764;10,11305556
5766;7,599027778
5773;1,290694444
5774;250,4947222
5775;0,49
5778;0,352222222
5780;0,488055556
5781;0,368055556
5784;0,258055556
5786;1,952407407
5789;1,093263889
5790;1,008055556
5792;247,4663889
5793;0,120277778
5798;1,513333333
5801;0,661944444
5802;0,689722222
5803;0,271111111
5812;0,117777778
5816;14,01861111
5818;7,080833333
5820;5,003796296
5828;222,2775
5829;221,8286111
5831;9,056666667
5840;0,130555556
5841;2,423333333
5843;0,315833333
5844;6,026944444
5845;0,403333333
5846;1,69
5848;1,616111111
5849;3,871388889
5851;0,656111111
5853;1,129444444
5855;6,726296296
5857;0,697222222
5864;0,531666667
5866;0,075277778
5867;7,495524691
5871;6,142777778
5872;7,735277778
5874;7,633888889
5878;9,195277778
5880;8,710833333
5887;208,4088889
5889;1,88
5892;6,177222222
5894;0,287407407
5895;6,180555556
5896;0,906388889
5898;1,901773504
5899;3,692222222
5903;0,128611111
5904;
5905;2,376944444
5906;2,4
5907;4,467222222
5908;1,073055556
5909;3,65787037
5910;0,538611111
5911;
5914;0,273055556
5915;8,887708333
5916;0,932777778
5920;200,2795833
5923;0,139722222
5925;8,338611111
5926;0,857777778
5928;7,708888889
5929;199,3693056
5931;0,021666667
5933;1,013055556
5937;7,192222222
5939;4,88037037
5940;5,603055556
5941;7,117777778
5944;1,211666667
5946;0,835
5947;0,761388889
5948;0,17625
5949;1,102222222
5951;1,025555556
5952;0,669444444
5953;3,060555556
5955;0,277083333
5958;7,411388889
5965;1,014444444
5967;0,077222222
5968;8,339722222
5969;7,524166667
5971;4,981527778
5974;5,502777778
5978;17,82424603
5979;1,820833333
5982;0,959722222
5983;0,289444444
5984;1,2725
5986;0,250277778
5987;1,071944444
5990;177,6569444
5992;0,262361111
5993;0,849814815
5994;
5998;1,873703704
5999;33,07481481
6000;3,265555556
6001;3,121944444
6003;17,03472222
6005;1,754722222
6006;1,735833333
6007;0,590833333
6008;3,18
6009;1,18
6010;0,462055556
6011;0,041944444
6012;175,2970833
6013;8,136388889
6014;0,208981481
6015;62,08309524
6016;0,538055556
6017;1,865833333
6018;14,64125
6019;87,04486111
6021;173,3338889
6022;8,196428571
6023;2,258611111
6026;0,251666667
6027;12,47472222
6028;166,4283333
6029;66,61422222
6031;1,434444444
6032;0,611666667
6033;0,856527778
6034;165,7188889
6036;0,791296296
6038;0,162777778
6039;0,029444444
6040;0,024444444
6042;164,7441667
6043;13,02722222
6048;0,143402778
6049;0,078055556
6051;14,09633333
6054;31,88
6055;32,8275
6056;7,902222222
6057;6,448055556
6061;4,384722222
6064;0,705925926
6067;1,110555556
6074;3,455833333
6075;3,871701389
6076;3,082638889
6079;0,597685185
6081;0,434444444
6083;0,4025
6085;0,609027778
6088;1,568333333
6090;1,410555556
6091;
6092;2,286388889
6094;1,000277778
6095;4,719
6096;5,233680556
6097;0,922777778
6101;0,301458333
6102;0,091388889
6105;0,05
6106;
6108;8,983333333
6109;8,942777778
6116;1,016111111
6117;12,30490741
6119;93,69616667
6120;1,37
6123;0,260486111
6125;0,324814815
6126;0,215555556
6128;1,32
6129;0,903611111
6132;1,853333333
6135;5,701041667
6136;57,91777778
6139;6,932703704
6140;0,196666667
6141;0,136111111
6144;8,152638889
6147;4,485555556
6153;0,728888889
6154;106,9240278
6155;10,22666667
6156;1,085277778
6158;2,147222222
6160;0,361388889
6161;
6165;1,649259259
6166;10,6875
6167;1,685416667
6168;4,263148148
6170;20,97265432
6173;3,390416667
6174;0,123472222
6176;9,9325
6177;102,8636111
6182;5,335277778
6183;5,210277778
6187;1,083611111
6188;5,756481481
6190;0,243333333
6191;2,257777778
6194;10,67875
6195;61,2987037
6196;6,52287037
6197;0,391944444
6198;0,211944444
6201;9,922777778
6203;8,286805556
6205;8,637361111
6209;0,317777778
6211;0,784351852
6214;1,365
6215;1,127222222
6222;0,485
6223;0,8825
6224;30,11398148
6226;1,131944444
6227;1,747777778
6228;1,262361111
6229;55,91555556
6230;0,420138889
6232;0,249722222
6234;79,98416667
6236;3,820864198
6238;0,298333333
6240;2,629722222
6243;5,975
6246;164,1783333
6247;0,655625
6250;3,921435185
6251;0,321041667
6253;
6254;35,27888889
6255;5,582743056
6256;4,496597222
6257;8,415740741
6259;10,82805556
6263;9,968888889
6268;156,6504167
6271;0,865740741
6272;2,013055556
6273;5,912916667
6276;0,195648148
6277;7,514166667
6278;150,3151389
6280;149,8802778
6282;149,60625
6284;0,603055556
6285;0,781388889
6286;0,086388889
6288;3,679126984
6289;0,068611111
6290;0,883055556
6293;0,090277778
6294;3,228166667
6296;3,823333333
6297;6,808194444
6298;4,845972222
6300;10,20305556
6301;4,953222222
6303;1,165277778
6304;6,598159722
6306;1,593055556
6308;6,422986111
6310;0,220277778
6312;2,610092593
6313;11,52361111
6316;15,585
6317;6,945833333
6320;0,109722222
6321;3,587619048
6322;5,623240741
6324;3,815277778
6327;19,41069444
6329;7,327083333
6332;4,644259259
6336;6,939166667
6338;3,831388889
6343;2,897777778
6344;2,673888889
6347;1,646666667
6348;3,869618056
6349;0,811111111
6350;6,491111111
6351;17,23461111
6352;0,026111111
6354;4,774722222
6356;0,230833333
6357;12,82759259
6362;634,64
6363;0,560925926
6365;0,251666667
6366;14,37138889
6367;33,58677778
6368;40,58923611
6369;11,67194444
6370;7,989722222
6371;38,25680556
6372;7,333611111
6373;2,779444444
6375;1,613819444
6377;120,1781944
6379;12,26433333
6382;0,694722222
6385;1,645555556
6386;2,86
6389;11,40527778
6392;9,443611111
6393;9,355
6394;9,325555556
6395;9,071944444
6397;7,382222222
6398;27,20263889
6399;2,392777778
6400;203,8725
6401;6,704444444
6402;6,615
6407;7,819444444
6408;9,546388889
6409;1,601157407
6411;9,414444444
6412;2,905555556
6414;8,473333333
6416;7,870277778
6417;11,75333333
6418;11,7225
6419;0,058333333
6420;11,225
6422;
6425;10,08722222
6427;18,99805556
6429;8,44875
6430;2,373888889
6431;4,495833333
6434;128,358858
6436;577,1418056
6438;0,556944444
6439;0,379722222
6440;0,738
6442;0,527222222
6443;0,631111111
6444;1,102777778
6445;573,4175
6447;5,258240741
6448;3,020138889
6449;11,43486111
6450;
6452;0,37
6455;5,109027778
6459;10,01444444
6461;0,822222222
6462;0,425833333
6463;1,252962963
6464;6,185833333
6469;2,258055556
6470;561,7120833
6472;4,210972222
6473;0,605555556
6474;0,6475
6475;12,81833333
6477;8,540277778
6480;370,3175
6481;2,895555556
6483;1,198611111
6484;0,506388889
6485;552,0704167
6486;14,3525
6488;551,3488889
6491;0,773333333
6493;10,21569444
6494;1,554305556
6495;3,138055556
6498;36,08086806
6500;19,95783333
6501;10,46694444
6502;10,39833333
6503;9,840555556
6504;9,010833333
6510;53,12027778
6511;3,588055556
6512;12,10722222
6514;0,341388889
6515;10,05092593
6516;1,624166667
6518;1,751666667
6519;1,521666667
6520;1,359722222
6523;5,675
6525;1,228611111
6528;0,826944444
6531;0,0175
6532;0,010833333
6533;6,665277778
6534;8,357407407
6535;5,1575
6538;2,333333333
6539;6,758611111
6542;6,610833333
6543;3,569444444
6544;4,81
6546;8,545092593
6547;1,62462963
6548;11,53430556
6549;4,691388889
6550;4,726666667
6553;3,821666667
6554;3,889444444
6557;3,866111111
6560;19,47166667
6562;18,82722222
6563;476,0563889
6566;43,30277778
6568;3,368611111
6569;2,825277778
6570;2,688055556
6572;1,030277778
6574;0,207222222
6575;84,10472222
6576;38,39916667
6577;37,51166667
6579;15,53944444
6580;19,68851852
6582;22,43638889
6585;8,504166667
6586;426,8631944
6587;0,257638889
6589;0,131111111
6590;0,068611111
6591;5,958055556
6594;5,518888889
6595;5,656944444
6596;5,753333333
6597;7,133055556
6598;3,827222222
6600;2,893095238
6602;1,185972222
6604;
6605;5,974166667
6609;0,691277778
6610;2,535277778
6613;2,088888889
6619;1,283055556
6621;1,096944444
6622;2,120277778
6625;1,075277778
6626;407,2686111
6628;407,1273611
6634;2,02
6636;16,12416667
6639;1,382777778
6640;13,21277778
6641;4,434722222
6645;21,36805556
6648;0,610555556
6651;0,641666667
6653;5,7175
6655;5,139722222
6659;4,944305556
6665;12,00722222
6666;10,38583333
6669;0,298777778
6670;64,08458333
6673;1,025277778
6674;1,044444444
6675;0,796111111
6677;0,159722222
6678;383,7788889
6682;0,084166667
6683;3,456666667
6684;383,3154167
6686;1,668888889
6690;1,192777778
6692;0,440925926
6693;0,060277778
6695;11,61784722
6700;0,064722222
6704;7,128680556
6705;19,53305556
6707;246,867963
6708;6,562222222
6711;10,42327778
6714;3,022361111
6718;0,844722222
6720;13,16833333
6722;5,501611111
6726;345,4456944
6735;332,8616667
6736;6,797222222
6738;332,3840278
6746;0,416388889
6748;0,586388889
6749;0,460833333
6751;0,154166667
6752;1,11212963
6754;321,6790278
6755;1,175833333
6757;2,423888889
6760;2,064722222
6762;8,438055556
6764;0,115277778
6767;7,828888889
6769;30,59611111
6770;5,301597222
6771;311,69375
6772;311,65875
6777;14,66555556
6778;1,922222222
6783;201,0376852
6784;39,69972222
6785;0,716666667
6787;0,608055556
6788;21,83384259
6789;300,0340278
6790;104,7085185
6791;0,090833333
6792;23,92868056
6796;11,59722222
6799;7,913194444
6800;9,673148148
6805;15,13
6808;13,53666667
6811;10,72888889
6812;18,89383333
6813;286,6918056
6814;36,03638889
6817;3,540069444
6819;37,86722222
6821;35,25916667
6824;0,804259259
6829;10,60666667
6832;10,40138889
6837;0,684166667
6838;0,116581197
6843;2,929652778
6844;0,424814815
6845;7,35287037
6851;7,714166667
6853;8,947777778
6854;5,740555556
6856;0,287430556
6857;0,789166667
6858;2,339027778
6859;2,733611111
6865;8,028611111
6866;2,759351852
6868;247,2452778
6869;9,934259259
6870;14,60708333
6874;0,088055556
6882;91,65840278
6888;10,06583333
6889;0,419166667
6900;0,350277778
6903;229,2045833
6912;12,59444444
6913;12,51694444
6915;0,374305556
6917;12,17611111
6920;37,65814815
6927;216,8015278
6929;1,413333333
6931;1,324166667
6934;0,489305556
6937;9,873333333
6938;4,864722222
6941;1,170694444
6942;2,864861111
6946;2,261428571
6947;3,634791667
6952;3,026319444
6953;5,709166667
6956;5,35375
6960;12,71847222
6964;2,759722222
6965;3,793611111
6969;6,523333333
6970;113,1155556
6972;4,612083333
6973;6,524351852
6976;3,304444444
6978;2,582777778
6981;14,23861111
6982;9,543055556
6983;7,116944444
6984;6,95
6986;0,852638889
6987;5,3875
6989;4,569166667
6991;2,663888889
6992;68,29972222
6994;11,98194444
6995;0,509583333
6996;4,759166667
6997;0,598425926
6999;5,296111111
7000;4,108101852
